name,r,a,s
LTH1,143.88754209634416,-9.366964547129337,500.95980902808026
LTH2,138.87944542384577,-6.797168179046247,426.26644677118946
LTH3,133.0329255277144,22.295873394651217,459.9476122912465
LGT,175.12240094275123,-54.26748615119816,685.8344713228747
LKNE,131.53407713834756,-23.31405690679756,316.79677658921554
LMKNE,32.9562805569329,-17.127797559888656,311.07247769071756
