name,r,a,s
Gastroc_at_condyles_r,83.08929759244225,-15.45152834834606,307.6623316350963
KnExt_at_fem_r,84.80616035302779,-17.290689672612487,314.802134624121
AB_at_femshaft_r,103.21022222284535,-19.436624936458067,584.174911575181
AL_at_femshaft_r,90.73064834284952,-1.1311486730323188,470.95386616277045
AMprox_at_femshaft_r,109.39519491579048,-29.912419428272422,623.6635376344918
AMmid_at_femshaft_r,96.79187352538503,-10.247272168970076,537.9891328876246
AMdist_at_femshaft_r,86.37340778850513,0.7025498226446952,443.8406322748867
AMisch_at_condyles_r,76.59568269909063,-42.37620163028063,342.34421716337226
PECT_at_femshaft_r,112.61783917544635,-28.42282104469815,612.5745274758301
