name,r,a,s
Gastroc_at_condyles_l,-72.0971348300326,-17.01269296865769,297.3283442728364
KnExt_at_fem_l,-73.89468477342355,-18.687058061594136,304.55785812077687
AB_at_femshaft_l,-82.46969779755725,-15.153923693602344,579.8820609821555
AL_at_femshaft_l,-73.11756401666557,0.9439657741144281,464.39578896646134
AMprox_at_femshaft_l,-89.24855050565588,-25.698671307641543,619.6490987558705
AMmid_at_femshaft_l,-77.35101942410385,-6.587862691877655,532.943683325389
AMdist_at_femshaft_l,-69.23200471157358,1.8631138816936543,436.7307979516176
AMisch_at_condyles_l,-69.7187563720355,-44.768285419282435,333.0416983391644
PECT_at_femshaft_l,-92.55454283989826,-23.947999223616716,608.3241443108977
